{
    "data": [
        {"brand": "VW", "year": "4/1/2019", "color": "Orange", "status": "Started"},
        {"brand": "Audi", "year": "4/1/2019", "color": "Black", "status": "Started"},
        {"brand": "Renault", "year": "4/1/2019", "color": "Gray", "status": "Error"},
        {"brand": "BMW", "year": "4/1/2019", "color": "Blue", "status": "Completed"},
        {"brand": "Mercedes", "year": "4/1/2019", "color": "Orange", "status": "Started"},
        {"brand": "Volvo", "year": "4/1/2019", "color": "Black", "status": "Completed"}
    ]
}
